PRAGMA foreign_keys=OFF;
BEGIN TRANSACTION;
CREATE TABLE IF NOT EXISTS "django_migrations" ("id" integer NOT NULL PRIMARY KEY AUTOINCREMENT, "app" varchar(255) NOT NULL, "name" varchar(255) NOT NULL, "applied" datetime NOT NULL);
INSERT INTO django_migrations VALUES(1,'contenttypes','0001_initial','2020-11-19 21:42:41.348706');
INSERT INTO django_migrations VALUES(2,'contenttypes','0002_remove_content_type_name','2020-11-19 21:42:41.369727');
INSERT INTO django_migrations VALUES(3,'auth','0001_initial','2020-11-19 21:42:41.401835');
INSERT INTO django_migrations VALUES(4,'auth','0002_alter_permission_name_max_length','2020-11-19 21:42:41.427745');
INSERT INTO django_migrations VALUES(5,'auth','0003_alter_user_email_max_length','2020-11-19 21:42:41.451804');
INSERT INTO django_migrations VALUES(6,'auth','0004_alter_user_username_opts','2020-11-19 21:42:41.471630');
INSERT INTO django_migrations VALUES(7,'auth','0005_alter_user_last_login_null','2020-11-19 21:42:41.504290');
INSERT INTO django_migrations VALUES(8,'auth','0006_require_contenttypes_0002','2020-11-19 21:42:41.517799');
INSERT INTO django_migrations VALUES(9,'auth','0007_alter_validators_add_error_messages','2020-11-19 21:42:41.544557');
INSERT INTO django_migrations VALUES(10,'auth','0008_alter_user_username_max_length','2020-11-19 21:42:41.569733');
INSERT INTO django_migrations VALUES(11,'auth','0009_alter_user_last_name_max_length','2020-11-19 21:42:41.592193');
INSERT INTO django_migrations VALUES(12,'auth','0010_alter_group_name_max_length','2020-11-19 21:42:41.614241');
INSERT INTO django_migrations VALUES(13,'auth','0011_update_proxy_permissions','2020-11-19 21:42:41.635042');
INSERT INTO django_migrations VALUES(14,'auth','0012_alter_user_first_name_max_length','2020-11-19 21:42:41.659915');
INSERT INTO django_migrations VALUES(15,'core','0001_initial','2020-11-19 21:42:41.730176');
INSERT INTO django_migrations VALUES(16,'admin','0001_initial','2020-11-19 21:42:41.762805');
INSERT INTO django_migrations VALUES(17,'admin','0002_logentry_remove_auto_add','2020-11-19 21:42:41.806279');
INSERT INTO django_migrations VALUES(18,'admin','0003_logentry_add_action_flag_choices','2020-11-19 21:42:41.847243');
INSERT INTO django_migrations VALUES(19,'sessions','0001_initial','2020-11-19 21:42:41.861893');
INSERT INTO django_migrations VALUES(20,'core','0002_auto_20201119_2229','2020-11-19 22:31:13.027982');
INSERT INTO django_migrations VALUES(21,'core','0003_auto_20201119_2248','2020-11-19 22:50:17.621276');
INSERT INTO django_migrations VALUES(22,'core','0004_trade_is_active','2020-11-19 23:26:00.404128');
INSERT INTO django_migrations VALUES(23,'core','0005_order_is_active','2020-11-19 23:31:38.711486');
INSERT INTO django_migrations VALUES(24,'core','0006_auto_20201120_0026','2020-11-20 00:26:16.069017');
INSERT INTO django_migrations VALUES(25,'core','0007_auto_20201120_0029','2020-11-20 00:29:41.453318');
INSERT INTO django_migrations VALUES(26,'core','0008_auto_20201120_1844','2020-11-20 18:44:44.341926');
INSERT INTO django_migrations VALUES(27,'core','0009_auto_20201120_1846','2020-11-20 18:46:48.427628');
INSERT INTO django_migrations VALUES(28,'core','0010_order_amount','2020-11-20 19:06:10.206536');
INSERT INTO django_migrations VALUES(29,'core','0011_order_original_amount','2020-11-20 20:47:43.424614');
INSERT INTO django_migrations VALUES(30,'core','0012_auto_20201121_1605','2020-11-21 16:05:19.008123');
INSERT INTO django_migrations VALUES(31,'authtoken','0001_initial','2020-11-21 21:19:34.272583');
INSERT INTO django_migrations VALUES(32,'authtoken','0002_auto_20160226_1747','2020-11-21 21:19:34.316608');
INSERT INTO django_migrations VALUES(33,'authtoken','0003_tokenproxy','2020-11-21 21:19:34.335514');
INSERT INTO django_migrations VALUES(34,'core','0013_auto_20201122_1438','2020-11-22 14:38:41.843923');
INSERT INTO django_migrations VALUES(35,'core','0014_auto_20201122_1439','2020-11-22 14:39:04.792480');
INSERT INTO django_migrations VALUES(36,'core','0015_auto_20201123_1754','2020-11-23 17:54:42.580516');
INSERT INTO django_migrations VALUES(37,'core','0016_auto_20201123_1755','2020-11-23 17:55:44.288345');
CREATE TABLE IF NOT EXISTS "django_content_type" ("id" integer NOT NULL PRIMARY KEY AUTOINCREMENT, "app_label" varchar(100) NOT NULL, "model" varchar(100) NOT NULL);
INSERT INTO django_content_type VALUES(1,'admin','logentry');
INSERT INTO django_content_type VALUES(2,'auth','permission');
INSERT INTO django_content_type VALUES(3,'auth','group');
INSERT INTO django_content_type VALUES(4,'contenttypes','contenttype');
INSERT INTO django_content_type VALUES(5,'sessions','session');
INSERT INTO django_content_type VALUES(6,'core','user');
INSERT INTO django_content_type VALUES(7,'core','currency');
INSERT INTO django_content_type VALUES(8,'core','order');
INSERT INTO django_content_type VALUES(9,'core','userbalance');
INSERT INTO django_content_type VALUES(10,'core','trade');
INSERT INTO django_content_type VALUES(11,'core','currencypair');
INSERT INTO django_content_type VALUES(12,'authtoken','token');
INSERT INTO django_content_type VALUES(13,'authtoken','tokenproxy');
CREATE TABLE IF NOT EXISTS "auth_group_permissions" ("id" integer NOT NULL PRIMARY KEY AUTOINCREMENT, "group_id" integer NOT NULL REFERENCES "auth_group" ("id") DEFERRABLE INITIALLY DEFERRED, "permission_id" integer NOT NULL REFERENCES "auth_permission" ("id") DEFERRABLE INITIALLY DEFERRED);
CREATE TABLE IF NOT EXISTS "auth_permission" ("id" integer NOT NULL PRIMARY KEY AUTOINCREMENT, "content_type_id" integer NOT NULL REFERENCES "django_content_type" ("id") DEFERRABLE INITIALLY DEFERRED, "codename" varchar(100) NOT NULL, "name" varchar(255) NOT NULL);
INSERT INTO auth_permission VALUES(1,1,'add_logentry','Can add log entry');
INSERT INTO auth_permission VALUES(2,1,'change_logentry','Can change log entry');
INSERT INTO auth_permission VALUES(3,1,'delete_logentry','Can delete log entry');
INSERT INTO auth_permission VALUES(4,1,'view_logentry','Can view log entry');
INSERT INTO auth_permission VALUES(5,2,'add_permission','Can add permission');
INSERT INTO auth_permission VALUES(6,2,'change_permission','Can change permission');
INSERT INTO auth_permission VALUES(7,2,'delete_permission','Can delete permission');
INSERT INTO auth_permission VALUES(8,2,'view_permission','Can view permission');
INSERT INTO auth_permission VALUES(9,3,'add_group','Can add group');
INSERT INTO auth_permission VALUES(10,3,'change_group','Can change group');
INSERT INTO auth_permission VALUES(11,3,'delete_group','Can delete group');
INSERT INTO auth_permission VALUES(12,3,'view_group','Can view group');
INSERT INTO auth_permission VALUES(13,4,'add_contenttype','Can add content type');
INSERT INTO auth_permission VALUES(14,4,'change_contenttype','Can change content type');
INSERT INTO auth_permission VALUES(15,4,'delete_contenttype','Can delete content type');
INSERT INTO auth_permission VALUES(16,4,'view_contenttype','Can view content type');
INSERT INTO auth_permission VALUES(17,5,'add_session','Can add session');
INSERT INTO auth_permission VALUES(18,5,'change_session','Can change session');
INSERT INTO auth_permission VALUES(19,5,'delete_session','Can delete session');
INSERT INTO auth_permission VALUES(20,5,'view_session','Can view session');
INSERT INTO auth_permission VALUES(21,6,'add_user','Can add user');
INSERT INTO auth_permission VALUES(22,6,'change_user','Can change user');
INSERT INTO auth_permission VALUES(23,6,'delete_user','Can delete user');
INSERT INTO auth_permission VALUES(24,6,'view_user','Can view user');
INSERT INTO auth_permission VALUES(25,7,'add_currency','Can add currency');
INSERT INTO auth_permission VALUES(26,7,'change_currency','Can change currency');
INSERT INTO auth_permission VALUES(27,7,'delete_currency','Can delete currency');
INSERT INTO auth_permission VALUES(28,7,'view_currency','Can view currency');
INSERT INTO auth_permission VALUES(29,8,'add_order','Can add order');
INSERT INTO auth_permission VALUES(30,8,'change_order','Can change order');
INSERT INTO auth_permission VALUES(31,8,'delete_order','Can delete order');
INSERT INTO auth_permission VALUES(32,8,'view_order','Can view order');
INSERT INTO auth_permission VALUES(33,9,'add_userbalance','Can add user balance');
INSERT INTO auth_permission VALUES(34,9,'change_userbalance','Can change user balance');
INSERT INTO auth_permission VALUES(35,9,'delete_userbalance','Can delete user balance');
INSERT INTO auth_permission VALUES(36,9,'view_userbalance','Can view user balance');
INSERT INTO auth_permission VALUES(37,10,'add_trade','Can add trade');
INSERT INTO auth_permission VALUES(38,10,'change_trade','Can change trade');
INSERT INTO auth_permission VALUES(39,10,'delete_trade','Can delete trade');
INSERT INTO auth_permission VALUES(40,10,'view_trade','Can view trade');
INSERT INTO auth_permission VALUES(41,11,'add_currencypair','Can add currency pair');
INSERT INTO auth_permission VALUES(42,11,'change_currencypair','Can change currency pair');
INSERT INTO auth_permission VALUES(43,11,'delete_currencypair','Can delete currency pair');
INSERT INTO auth_permission VALUES(44,11,'view_currencypair','Can view currency pair');
INSERT INTO auth_permission VALUES(45,12,'add_token','Can add Token');
INSERT INTO auth_permission VALUES(46,12,'change_token','Can change Token');
INSERT INTO auth_permission VALUES(47,12,'delete_token','Can delete Token');
INSERT INTO auth_permission VALUES(48,12,'view_token','Can view Token');
INSERT INTO auth_permission VALUES(49,13,'add_tokenproxy','Can add token');
INSERT INTO auth_permission VALUES(50,13,'change_tokenproxy','Can change token');
INSERT INTO auth_permission VALUES(51,13,'delete_tokenproxy','Can delete token');
INSERT INTO auth_permission VALUES(52,13,'view_tokenproxy','Can view token');
CREATE TABLE IF NOT EXISTS "auth_group" ("id" integer NOT NULL PRIMARY KEY AUTOINCREMENT, "name" varchar(150) NOT NULL UNIQUE);
CREATE TABLE IF NOT EXISTS "core_user" ("id" integer NOT NULL PRIMARY KEY AUTOINCREMENT, "password" varchar(128) NOT NULL, "last_login" datetime NULL, "is_superuser" bool NOT NULL, "username" varchar(150) NOT NULL UNIQUE, "first_name" varchar(150) NOT NULL, "last_name" varchar(150) NOT NULL, "email" varchar(254) NOT NULL, "is_staff" bool NOT NULL, "is_active" bool NOT NULL, "date_joined" datetime NOT NULL);
INSERT INTO core_user VALUES(1,'pbkdf2_sha256$216000$GIhmIGpzbcQ2$jUCTKG6Ce1KMwW8zwPxTP5Fnn0ePeuMU/sOpLXa3jiY=','2020-11-21 23:27:06.767361',1,'admin','','','admin@example.com',1,1,'2020-11-19 22:21:17.228051');
INSERT INTO core_user VALUES(2,'pbkdf2_sha256$216000$v94PIilbHdk6$rPVH+8XOM6e1uMTESAAHZ3efHk/L/zs1E6RbWzvDlVI=',NULL,0,'regular_user','','','',0,1,'2020-11-19 22:59:57.695505');
CREATE TABLE IF NOT EXISTS "core_user_groups" ("id" integer NOT NULL PRIMARY KEY AUTOINCREMENT, "user_id" integer NOT NULL REFERENCES "core_user" ("id") DEFERRABLE INITIALLY DEFERRED, "group_id" integer NOT NULL REFERENCES "auth_group" ("id") DEFERRABLE INITIALLY DEFERRED);
CREATE TABLE IF NOT EXISTS "core_user_user_permissions" ("id" integer NOT NULL PRIMARY KEY AUTOINCREMENT, "user_id" integer NOT NULL REFERENCES "core_user" ("id") DEFERRABLE INITIALLY DEFERRED, "permission_id" integer NOT NULL REFERENCES "auth_permission" ("id") DEFERRABLE INITIALLY DEFERRED);
CREATE TABLE IF NOT EXISTS "django_admin_log" ("id" integer NOT NULL PRIMARY KEY AUTOINCREMENT, "action_time" datetime NOT NULL, "object_id" text NULL, "object_repr" varchar(200) NOT NULL, "change_message" text NOT NULL, "content_type_id" integer NULL REFERENCES "django_content_type" ("id") DEFERRABLE INITIALLY DEFERRED, "user_id" integer NOT NULL REFERENCES "core_user" ("id") DEFERRABLE INITIALLY DEFERRED, "action_flag" smallint unsigned NOT NULL CHECK ("action_flag" >= 0));
INSERT INTO django_admin_log VALUES(1,'2020-11-19 22:59:57.809700','2','regular_user','[{"added": {}}]',6,1,1);
INSERT INTO django_admin_log VALUES(2,'2020-11-19 23:20:58.684285','1','BTC/USD Order | 2020-11-19 23:18:34.136466+00:00 | admin','[{"changed": {"fields": ["Destination currency"]}}]',8,1,2);
INSERT INTO django_admin_log VALUES(3,'2020-11-19 23:36:35.918262','2','USD/BTC Order | 2020-11-19 23:28:47.159808+00:00 | admin','',8,1,3);
INSERT INTO django_admin_log VALUES(4,'2020-11-20 00:34:15.038453','2','Balance - admin | USD','',9,1,3);
INSERT INTO django_admin_log VALUES(5,'2020-11-20 00:41:35.682825','4','Balance - admin | USD','[{"added": {}}]',9,1,1);
INSERT INTO django_admin_log VALUES(6,'2020-11-20 00:45:02.027768','8',replace('BTC/USD Order |\n                 2020/11/20 00:43:00 | regular_user','\n',char(10)),'',8,1,3);
INSERT INTO django_admin_log VALUES(7,'2020-11-20 00:45:02.039360','7',replace('BTC/USD Order |\n                 2020/11/20 00:42:43 | regular_user','\n',char(10)),'',8,1,3);
INSERT INTO django_admin_log VALUES(8,'2020-11-20 00:45:02.050975','6',replace('BTC/USD Order |\n                 2020/11/20 00:42:22 | regular_user','\n',char(10)),'',8,1,3);
INSERT INTO django_admin_log VALUES(9,'2020-11-20 00:45:06.226700','5',replace('USD/BTC Order |\n                 2020/11/20 00:41:47 | admin','\n',char(10)),'',8,1,3);
INSERT INTO django_admin_log VALUES(10,'2020-11-20 00:45:06.238745','4',replace('USD/BTC Order |\n                 2020/11/20 00:31:59 | admin','\n',char(10)),'',8,1,3);
INSERT INTO django_admin_log VALUES(11,'2020-11-20 00:45:06.251764','3',replace('USD/BTC Order |\n                 2020/11/19 23:33:50 | regular_user','\n',char(10)),'',8,1,3);
INSERT INTO django_admin_log VALUES(12,'2020-11-20 00:45:06.264559','1',replace('BTC/USD Order |\n                 2020/11/19 23:18:34 | admin','\n',char(10)),'',8,1,3);
INSERT INTO django_admin_log VALUES(13,'2020-11-20 00:46:47.956157','4','Balance - admin | USD','[{"changed": {"fields": ["Balance"]}}]',9,1,2);
INSERT INTO django_admin_log VALUES(14,'2020-11-20 00:46:56.195888','3','Balance - regular_user | Bitcoin','[{"changed": {"fields": ["Balance"]}}]',9,1,2);
INSERT INTO django_admin_log VALUES(15,'2020-11-20 00:47:01.494890','1','Balance - admin | Bitcoin','[{"changed": {"fields": ["Balance"]}}]',9,1,2);
INSERT INTO django_admin_log VALUES(16,'2020-11-20 00:47:10.210061','10',replace('USD/BTC Order |\n                 2020/11/20 00:46:13 | admin','\n',char(10)),'',8,1,3);
INSERT INTO django_admin_log VALUES(17,'2020-11-20 00:47:10.222241','9',replace('BTC/USD Order |\n                 2020/11/20 00:45:35 | regular_user','\n',char(10)),'',8,1,3);
INSERT INTO django_admin_log VALUES(18,'2020-11-20 00:50:01.802340','12',replace('BTC/USD Order |\n                 2020/11/20 00:48:48 | admin','\n',char(10)),'[]',8,1,2);
INSERT INTO django_admin_log VALUES(19,'2020-11-20 00:50:45.747348','12',replace('BTC/USD Order |\n                 2020/11/20 00:48:48 | admin','\n',char(10)),'[]',8,1,2);
INSERT INTO django_admin_log VALUES(20,'2020-11-20 00:59:26.596094','3','Balance - regular_user | Bitcoin','[]',9,1,2);
INSERT INTO django_admin_log VALUES(21,'2020-11-20 01:05:50.483039','12',replace('BTC/USD Order |\n                 2020/11/20 00:48:48 | regular_user','\n',char(10)),'[{"changed": {"fields": ["User"]}}]',8,1,2);
INSERT INTO django_admin_log VALUES(22,'2020-11-20 01:09:23.193421','9',replace('admin BTC/USD\n                    -> regular_user\n                    USD/BTC\n                 Trade | 2020/11/20 01:05:50','\n',char(10)),'',10,1,3);
INSERT INTO django_admin_log VALUES(23,'2020-11-20 01:09:31.792316','12',replace('BTC/USD Order |\n                 2020/11/20 00:48:48 | regular_user','\n',char(10)),'[{"changed": {"fields": ["Is active"]}}]',8,1,2);
INSERT INTO django_admin_log VALUES(24,'2020-11-20 01:09:35.234808','11',replace('USD/BTC Order |\n                 2020/11/20 00:48:21 | admin','\n',char(10)),'[]',8,1,2);
INSERT INTO django_admin_log VALUES(25,'2020-11-20 01:15:52.608859','3','Balance - regular_user | Bitcoin','[{"changed": {"fields": ["Balance"]}}]',9,1,2);
INSERT INTO django_admin_log VALUES(26,'2020-11-20 01:15:57.697351','4','Balance - admin | USD','[{"changed": {"fields": ["Balance"]}}]',9,1,2);
INSERT INTO django_admin_log VALUES(27,'2020-11-20 01:16:05.148228','12',replace('BTC/USD Order |\n                 2020/11/20 00:48:48 | regular_user','\n',char(10)),'[{"changed": {"fields": ["Is active"]}}]',8,1,2);
INSERT INTO django_admin_log VALUES(28,'2020-11-20 01:16:16.383497','10',replace('admin BTC/USD\n                    -> regular_user\n                    USD/BTC\n                 Trade | 2020/11/20 01:09:31','\n',char(10)),'',10,1,3);
INSERT INTO django_admin_log VALUES(29,'2020-11-20 01:22:10.252066','4','Balance - admin | USD','[{"changed": {"fields": ["Balance"]}}]',9,1,2);
INSERT INTO django_admin_log VALUES(30,'2020-11-20 01:22:16.845812','3','Balance - regular_user | Bitcoin','[{"changed": {"fields": ["Balance"]}}]',9,1,2);
INSERT INTO django_admin_log VALUES(31,'2020-11-20 18:45:27.144845','1','BTC/USD','[{"added": {}}]',11,1,1);
INSERT INTO django_admin_log VALUES(32,'2020-11-20 18:46:56.281645','1','BTC/USD','[]',11,1,2);
INSERT INTO django_admin_log VALUES(33,'2020-11-20 19:59:27.176258','12',replace('sell | BTC/USD\n                Order | 2020/11/20 00:48:48 | regular_user','\n',char(10)),'',8,1,3);
INSERT INTO django_admin_log VALUES(34,'2020-11-20 19:59:27.188464','11',replace('buy | BTC/USD\n                Order | 2020/11/20 00:48:21 | admin','\n',char(10)),'',8,1,3);
INSERT INTO django_admin_log VALUES(35,'2020-11-20 20:00:37.860969','5','Balance - regular_user | USD','[{"added": {}}]',9,1,1);
INSERT INTO django_admin_log VALUES(36,'2020-11-20 20:00:49.674994','1','Balance - admin | Bitcoin','[{"changed": {"fields": ["Balance"]}}]',9,1,2);
INSERT INTO django_admin_log VALUES(37,'2020-11-20 20:01:24.336166','1','USD/BTC','[{"changed": {"fields": ["Origin", "Destination"]}}]',11,1,2);
INSERT INTO django_admin_log VALUES(38,'2020-11-20 20:02:45.976840','1','Balance - admin | Bitcoin','[{"changed": {"fields": ["Balance"]}}]',9,1,2);
INSERT INTO django_admin_log VALUES(39,'2020-11-20 20:02:55.296848','3','Balance - regular_user | Bitcoin','[{"changed": {"fields": ["Balance"]}}]',9,1,2);
INSERT INTO django_admin_log VALUES(40,'2020-11-20 20:04:56.439961','13',replace('buy | USD/BTC\n                Order | 2020/11/20 20:04:56 | admin','\n',char(10)),'[{"added": {}}]',8,1,1);
INSERT INTO django_admin_log VALUES(41,'2020-11-20 20:05:05.342558','13',replace('buy | USD/BTC\n                Order | 2020/11/20 20:04:56 | admin','\n',char(10)),'[]',8,1,2);
INSERT INTO django_admin_log VALUES(42,'2020-11-20 20:06:13.290351','14',replace('sell | USD/BTC\n                Order | 2020/11/20 20:06:13 | regular_user','\n',char(10)),'[{"added": {}}]',8,1,1);
INSERT INTO django_admin_log VALUES(43,'2020-11-20 20:11:47.799602','14',replace('sell | USD/BTC\n                Order | 2020/11/20 20:06:13 | regular_user','\n',char(10)),'',8,1,3);
INSERT INTO django_admin_log VALUES(44,'2020-11-20 20:11:47.811161','13',replace('buy | USD/BTC\n                Order | 2020/11/20 20:04:56 | admin','\n',char(10)),'',8,1,3);
INSERT INTO django_admin_log VALUES(45,'2020-11-20 20:11:53.798661','5','Balance - regular_user | USD','[{"changed": {"fields": ["Balance"]}}]',9,1,2);
INSERT INTO django_admin_log VALUES(46,'2020-11-20 20:11:56.843066','4','Balance - admin | USD','[{"changed": {"fields": ["Balance"]}}]',9,1,2);
INSERT INTO django_admin_log VALUES(47,'2020-11-20 20:12:01.702903','3','Balance - regular_user | Bitcoin','[{"changed": {"fields": ["Balance"]}}]',9,1,2);
INSERT INTO django_admin_log VALUES(48,'2020-11-20 20:12:06.993883','1','Balance - admin | Bitcoin','[{"changed": {"fields": ["Balance"]}}]',9,1,2);
INSERT INTO django_admin_log VALUES(49,'2020-11-20 20:12:33.432247','15',replace('buy | USD/BTC\n                Order | 2020/11/20 20:12:33 | admin','\n',char(10)),'[{"added": {}}]',8,1,1);
INSERT INTO django_admin_log VALUES(50,'2020-11-20 20:13:06.649987','16',replace('sell | USD/BTC\n                Order | 2020/11/20 20:13:06 | regular_user','\n',char(10)),'[{"added": {}}]',8,1,1);
INSERT INTO django_admin_log VALUES(51,'2020-11-20 20:31:08.035023','16',replace('sell | USD/BTC\n                Order | 2020/11/20 20:13:06 | regular_user','\n',char(10)),'',8,1,3);
INSERT INTO django_admin_log VALUES(52,'2020-11-20 20:31:08.046475','15',replace('buy | USD/BTC\n                Order | 2020/11/20 20:12:33 | admin','\n',char(10)),'',8,1,3);
INSERT INTO django_admin_log VALUES(53,'2020-11-20 20:31:15.688782','5','Balance - regular_user | USD','[{"changed": {"fields": ["Balance"]}}]',9,1,2);
INSERT INTO django_admin_log VALUES(54,'2020-11-20 20:31:18.775066','4','Balance - admin | USD','[{"changed": {"fields": ["Balance"]}}]',9,1,2);
INSERT INTO django_admin_log VALUES(55,'2020-11-20 20:31:21.946222','3','Balance - regular_user | Bitcoin','[{"changed": {"fields": ["Balance"]}}]',9,1,2);
INSERT INTO django_admin_log VALUES(56,'2020-11-20 20:31:25.872433','1','Balance - admin | Bitcoin','[{"changed": {"fields": ["Balance"]}}]',9,1,2);
INSERT INTO django_admin_log VALUES(57,'2020-11-20 20:31:38.332866','17',replace('buy | USD/BTC\n                Order | 2020/11/20 20:31:38 | admin','\n',char(10)),'[{"added": {}}]',8,1,1);
INSERT INTO django_admin_log VALUES(58,'2020-11-20 20:31:49.142907','18',replace('sell | USD/BTC\n                Order | 2020/11/20 20:31:49 | regular_user','\n',char(10)),'[{"added": {}}]',8,1,1);
INSERT INTO django_admin_log VALUES(59,'2020-11-20 20:33:58.995696','18',replace('sell | USD/BTC\n                Order | 2020/11/20 20:31:49 | regular_user','\n',char(10)),'',8,1,3);
INSERT INTO django_admin_log VALUES(60,'2020-11-20 20:34:05.526705','17',replace('buy | USD/BTC\n                Order | 2020/11/20 20:31:38 | admin','\n',char(10)),'',8,1,3);
INSERT INTO django_admin_log VALUES(61,'2020-11-20 20:34:17.474448','19',replace('buy | USD/BTC\n                Order | 2020/11/20 20:34:17 | admin','\n',char(10)),'[{"added": {}}]',8,1,1);
INSERT INTO django_admin_log VALUES(62,'2020-11-20 20:34:28.073983','20',replace('sell | USD/BTC\n                Order | 2020/11/20 20:34:28 | regular_user','\n',char(10)),'[{"added": {}}]',8,1,1);
INSERT INTO django_admin_log VALUES(63,'2020-11-20 20:35:53.284260','20',replace('sell | USD/BTC\n                Order | 2020/11/20 20:34:28 | regular_user','\n',char(10)),'',8,1,3);
INSERT INTO django_admin_log VALUES(64,'2020-11-20 20:35:59.351212','19',replace('buy | USD/BTC\n                Order | 2020/11/20 20:34:17 | admin','\n',char(10)),'',8,1,3);
INSERT INTO django_admin_log VALUES(65,'2020-11-20 20:36:09.506134','21',replace('buy | USD/BTC\n                Order | 2020/11/20 20:36:09 | admin','\n',char(10)),'[{"added": {}}]',8,1,1);
INSERT INTO django_admin_log VALUES(66,'2020-11-20 20:40:16.795497','21',replace('buy | USD/BTC\n                Order | 2020/11/20 20:36:09 | admin','\n',char(10)),'',8,1,3);
INSERT INTO django_admin_log VALUES(67,'2020-11-20 20:40:24.836967','5','Balance - regular_user | USD','[{"changed": {"fields": ["Balance"]}}]',9,1,2);
INSERT INTO django_admin_log VALUES(68,'2020-11-20 20:40:27.988892','4','Balance - admin | USD','[{"changed": {"fields": ["Balance"]}}]',9,1,2);
INSERT INTO django_admin_log VALUES(69,'2020-11-20 20:40:30.688090','3','Balance - regular_user | Bitcoin','[{"changed": {"fields": ["Balance"]}}]',9,1,2);
INSERT INTO django_admin_log VALUES(70,'2020-11-20 20:40:33.235278','1','Balance - admin | Bitcoin','[{"changed": {"fields": ["Balance"]}}]',9,1,2);
INSERT INTO django_admin_log VALUES(71,'2020-11-20 20:40:50.682306','22',replace('buy | USD/BTC\n                Order | 2020/11/20 20:40:50 | admin','\n',char(10)),'[{"added": {}}]',8,1,1);
INSERT INTO django_admin_log VALUES(72,'2020-11-20 20:41:04.099983','23',replace('sell | USD/BTC\n                Order | 2020/11/20 20:41:04 | regular_user','\n',char(10)),'[{"added": {}}]',8,1,1);
INSERT INTO django_admin_log VALUES(73,'2020-11-20 20:42:24.103660','5','Balance - regular_user | USD','[{"changed": {"fields": ["Balance"]}}]',9,1,2);
INSERT INTO django_admin_log VALUES(74,'2020-11-20 20:42:28.393304','3','Balance - regular_user | Bitcoin','[{"changed": {"fields": ["Balance"]}}]',9,1,2);
INSERT INTO django_admin_log VALUES(75,'2020-11-20 20:42:40.715093','23',replace('sell | USD/BTC\n                Order | 2020/11/20 20:41:04 | regular_user','\n',char(10)),'',8,1,3);
INSERT INTO django_admin_log VALUES(76,'2020-11-20 20:42:40.727334','22',replace('buy | USD/BTC\n                Order | 2020/11/20 20:40:50 | admin','\n',char(10)),'',8,1,3);
INSERT INTO django_admin_log VALUES(77,'2020-11-20 20:42:59.233485','24',replace('buy | USD/BTC\n                Order | 2020/11/20 20:42:59 | admin','\n',char(10)),'[{"added": {}}]',8,1,1);
INSERT INTO django_admin_log VALUES(78,'2020-11-20 20:43:20.978372','25',replace('sell | USD/BTC\n                Order | 2020/11/20 20:43:15 | regular_user','\n',char(10)),'[{"added": {}}]',8,1,1);
INSERT INTO django_admin_log VALUES(79,'2020-11-20 20:48:07.434965','24',replace('buy | USD/BTC\n                Order | 2020/11/20 20:42:59 | admin','\n',char(10)),'[{"changed": {"fields": ["Original amount"]}}]',8,1,2);
INSERT INTO django_admin_log VALUES(80,'2020-11-20 20:48:13.804802','24',replace('buy | USD/BTC\n                Order | 2020/11/20 20:42:59 | admin','\n',char(10)),'[{"changed": {"fields": ["Original amount"]}}]',8,1,2);
INSERT INTO django_admin_log VALUES(81,'2020-11-20 20:48:57.124959','26',replace('sell | USD/BTC\n                Order | 2020/11/20 20:48:57 | regular_user','\n',char(10)),'[{"added": {}}]',8,1,1);
INSERT INTO django_admin_log VALUES(82,'2020-11-21 15:30:02.503028','24',replace('buy | USD/BTC\n                Order | 2020/11/20 20:42:59 | admin','\n',char(10)),'[{"changed": {"fields": ["Is active", "Amount"]}}]',8,1,2);
INSERT INTO django_admin_log VALUES(83,'2020-11-21 15:30:08.969841','26',replace('sell | USD/BTC\n                Order | 2020/11/20 20:48:57 | regular_user','\n',char(10)),'',8,1,3);
INSERT INTO django_admin_log VALUES(84,'2020-11-21 15:30:08.981687','25',replace('sell | USD/BTC\n                Order | 2020/11/20 20:43:15 | regular_user','\n',char(10)),'',8,1,3);
INSERT INTO django_admin_log VALUES(85,'2020-11-21 15:30:08.993531','24',replace('buy | USD/BTC\n                Order | 2020/11/20 20:42:59 | admin','\n',char(10)),'',8,1,3);
INSERT INTO django_admin_log VALUES(86,'2020-11-21 15:30:22.446728','5','Balance - regular_user | USD','[{"changed": {"fields": ["Balance"]}}]',9,1,2);
INSERT INTO django_admin_log VALUES(87,'2020-11-21 15:30:25.061171','4','Balance - admin | USD','[{"changed": {"fields": ["Balance"]}}]',9,1,2);
INSERT INTO django_admin_log VALUES(88,'2020-11-21 15:30:28.842228','3','Balance - regular_user | Bitcoin','[{"changed": {"fields": ["Balance"]}}]',9,1,2);
INSERT INTO django_admin_log VALUES(89,'2020-11-21 15:30:32.419235','1','Balance - admin | Bitcoin','[{"changed": {"fields": ["Balance"]}}]',9,1,2);
INSERT INTO django_admin_log VALUES(90,'2020-11-21 15:30:46.642826','27',replace('buy | USD/BTC\n                Order | 2020/11/21 15:30:46 | admin','\n',char(10)),'[{"added": {}}]',8,1,1);
INSERT INTO django_admin_log VALUES(91,'2020-11-21 15:30:59.190115','28',replace('sell | USD/BTC\n                Order | 2020/11/21 15:30:59 | regular_user','\n',char(10)),'[{"added": {}}]',8,1,1);
INSERT INTO django_admin_log VALUES(92,'2020-11-21 15:52:15.580438','1','Balance - admin | Bitcoin','[{"changed": {"fields": ["Balance"]}}]',9,1,2);
INSERT INTO django_admin_log VALUES(93,'2020-11-21 15:52:19.215506','3','Balance - regular_user | Bitcoin','[{"changed": {"fields": ["Balance"]}}]',9,1,2);
INSERT INTO django_admin_log VALUES(94,'2020-11-21 15:52:22.459535','4','Balance - admin | USD','[{"changed": {"fields": ["Balance"]}}]',9,1,2);
INSERT INTO django_admin_log VALUES(95,'2020-11-21 15:52:29.499933','5','Balance - regular_user | USD','[{"changed": {"fields": ["Balance"]}}]',9,1,2);
INSERT INTO django_admin_log VALUES(96,'2020-11-21 15:52:51.566013','28',replace('sell | USD/BTC\n                Order | 2020/11/21 15:30:59 | regular_user','\n',char(10)),'',8,1,3);
INSERT INTO django_admin_log VALUES(97,'2020-11-21 15:52:51.578732','27',replace('buy | USD/BTC\n                Order | 2020/11/21 15:30:46 | admin','\n',char(10)),'',8,1,3);
INSERT INTO django_admin_log VALUES(98,'2020-11-21 15:53:05.517781','29',replace('buy | USD/BTC\n                Order | 2020/11/21 15:53:05 | admin','\n',char(10)),'[{"added": {}}]',8,1,1);
INSERT INTO django_admin_log VALUES(99,'2020-11-21 15:53:15.115972','30',replace('sell | USD/BTC\n                Order | 2020/11/21 15:53:15 | regular_user','\n',char(10)),'[{"added": {}}]',8,1,1);
INSERT INTO django_admin_log VALUES(100,'2020-11-21 15:54:30.425608','31',replace('sell | USD/BTC\n                Order | 2020/11/21 15:54:30 | regular_user','\n',char(10)),'[{"added": {}}]',8,1,1);
INSERT INTO django_admin_log VALUES(101,'2020-11-21 15:54:50.655012','32',replace('sell | USD/BTC\n                Order | 2020/11/21 15:54:50 | regular_user','\n',char(10)),'[{"added": {}}]',8,1,1);
INSERT INTO django_admin_log VALUES(102,'2020-11-21 15:58:46.873666','3','Euro','[{"added": {}}]',7,1,1);
INSERT INTO django_admin_log VALUES(103,'2020-11-21 15:59:00.338323','2','EUR/USD','[{"added": {}}]',11,1,1);
INSERT INTO django_admin_log VALUES(104,'2020-11-22 17:24:38.987229','3','BTC/EUR','[{"added": {}}]',11,1,1);
INSERT INTO django_admin_log VALUES(105,'2020-11-22 17:24:46.668913','3','EUR/BTC','[{"changed": {"fields": ["Origin", "Destination"]}}]',11,1,2);
INSERT INTO django_admin_log VALUES(106,'2020-11-22 20:36:38.829694','6','Balance - admin | Euro','[{"added": {}}]',9,1,1);
INSERT INTO django_admin_log VALUES(107,'2020-11-22 20:41:17.309553','7','Balance - regular_user | Euro','[{"added": {}}]',9,1,1);
INSERT INTO django_admin_log VALUES(108,'2020-11-22 20:46:48.947803','57',replace('sell | USD/BTC\n                Order | 2020/11/22 20:46:03 | regular_user','\n',char(10)),'',8,1,3);
INSERT INTO django_admin_log VALUES(109,'2020-11-22 20:46:48.962980','56',replace('sell | USD/BTC\n                Order | 2020/11/22 20:44:20 | admin','\n',char(10)),'',8,1,3);
INSERT INTO django_admin_log VALUES(110,'2020-11-22 20:46:48.975926','55',replace('sell | USD/BTC\n                Order | 2020/11/22 20:43:58 | admin','\n',char(10)),'',8,1,3);
INSERT INTO django_admin_log VALUES(111,'2020-11-22 20:46:48.988536','54',replace('sell | USD/BTC\n                Order | 2020/11/22 20:43:53 | admin','\n',char(10)),'',8,1,3);
INSERT INTO django_admin_log VALUES(112,'2020-11-22 20:46:49.004838','53',replace('buy | USD/BTC\n                Order | 2020/11/22 20:43:45 | admin','\n',char(10)),'',8,1,3);
INSERT INTO django_admin_log VALUES(113,'2020-11-22 20:46:49.018612','52',replace('sell | EUR/BTC\n                Order | 2020/11/22 20:43:34 | admin','\n',char(10)),'',8,1,3);
INSERT INTO django_admin_log VALUES(114,'2020-11-22 20:46:49.035563','51',replace('buy | USD/BTC\n                Order | 2020/11/22 20:39:08 | admin','\n',char(10)),'',8,1,3);
INSERT INTO django_admin_log VALUES(115,'2020-11-22 20:46:49.050791','50',replace('sell | EUR/BTC\n                Order | 2020/11/22 20:38:28 | admin','\n',char(10)),'',8,1,3);
INSERT INTO django_admin_log VALUES(116,'2020-11-22 20:46:49.067094','49',replace('buy | EUR/BTC\n                Order | 2020/11/22 20:38:13 | admin','\n',char(10)),'',8,1,3);
INSERT INTO django_admin_log VALUES(117,'2020-11-22 20:46:49.082431','48',replace('buy | EUR/USD\n                Order | 2020/11/22 19:29:13 | admin','\n',char(10)),'',8,1,3);
INSERT INTO django_admin_log VALUES(118,'2020-11-22 20:46:49.097305','47',replace('sell | USD/BTC\n                Order | 2020/11/22 19:29:00 | admin','\n',char(10)),'',8,1,3);
INSERT INTO django_admin_log VALUES(119,'2020-11-22 20:46:49.111093','46',replace('buy | USD/BTC\n                Order | 2020/11/22 19:28:43 | admin','\n',char(10)),'',8,1,3);
INSERT INTO django_admin_log VALUES(120,'2020-11-22 20:46:49.125792','45',replace('buy | USD/BTC\n                Order | 2020/11/22 19:27:52 | admin','\n',char(10)),'',8,1,3);
INSERT INTO django_admin_log VALUES(121,'2020-11-22 20:46:49.140502','44',replace('buy | USD/BTC\n                Order | 2020/11/22 19:27:01 | admin','\n',char(10)),'',8,1,3);
INSERT INTO django_admin_log VALUES(122,'2020-11-22 20:46:49.154313','43',replace('buy | USD/BTC\n                Order | 2020/11/22 19:25:51 | admin','\n',char(10)),'',8,1,3);
INSERT INTO django_admin_log VALUES(123,'2020-11-22 20:46:49.169541','42',replace('buy | USD/BTC\n                Order | 2020/11/22 19:25:36 | admin','\n',char(10)),'',8,1,3);
INSERT INTO django_admin_log VALUES(124,'2020-11-22 20:46:49.185159','41',replace('buy | USD/BTC\n                Order | 2020/11/22 19:24:43 | admin','\n',char(10)),'',8,1,3);
INSERT INTO django_admin_log VALUES(125,'2020-11-22 20:46:49.200672','40',replace('buy | USD/BTC\n                Order | 2020/11/22 19:23:28 | admin','\n',char(10)),'',8,1,3);
INSERT INTO django_admin_log VALUES(126,'2020-11-22 20:46:49.213907','39',replace('sell | USD/BTC\n                Order | 2020/11/22 19:03:23 | admin','\n',char(10)),'',8,1,3);
INSERT INTO django_admin_log VALUES(127,'2020-11-22 20:46:49.229641','38',replace('buy | USD/BTC\n                Order | 2020/11/22 19:03:05 | admin','\n',char(10)),'',8,1,3);
INSERT INTO django_admin_log VALUES(128,'2020-11-22 20:46:49.244090','37',replace('buy | USD/BTC\n                Order | 2020/11/22 19:01:47 | admin','\n',char(10)),'',8,1,3);
INSERT INTO django_admin_log VALUES(129,'2020-11-22 20:46:49.258628','36',replace('sell | USD/BTC\n                Order | 2020/11/21 21:40:31 | admin','\n',char(10)),'',8,1,3);
INSERT INTO django_admin_log VALUES(130,'2020-11-22 20:46:49.275409','35',replace('sell | USD/BTC\n                Order | 2020/11/21 16:43:50 | admin','\n',char(10)),'',8,1,3);
INSERT INTO django_admin_log VALUES(131,'2020-11-22 20:46:49.290492','34',replace('sell | USD/BTC\n                Order | 2020/11/21 16:43:43 | admin','\n',char(10)),'',8,1,3);
INSERT INTO django_admin_log VALUES(132,'2020-11-22 20:46:49.305733','33',replace('sell | USD/BTC\n                Order | 2020/11/21 16:43:15 | admin','\n',char(10)),'',8,1,3);
INSERT INTO django_admin_log VALUES(133,'2020-11-22 20:46:49.319929','32',replace('sell | USD/BTC\n                Order | 2020/11/21 15:54:50 | regular_user','\n',char(10)),'',8,1,3);
INSERT INTO django_admin_log VALUES(134,'2020-11-22 20:46:49.332661','31',replace('sell | USD/BTC\n                Order | 2020/11/21 15:54:30 | regular_user','\n',char(10)),'',8,1,3);
INSERT INTO django_admin_log VALUES(135,'2020-11-22 20:46:49.345868','30',replace('sell | USD/BTC\n                Order | 2020/11/21 15:53:15 | regular_user','\n',char(10)),'',8,1,3);
INSERT INTO django_admin_log VALUES(136,'2020-11-22 20:46:49.359969','29',replace('buy | USD/BTC\n                Order | 2020/11/21 15:53:05 | admin','\n',char(10)),'',8,1,3);
INSERT INTO django_admin_log VALUES(137,'2020-11-22 20:47:22.465701','7','Balance - regular_user | Euro','[{"changed": {"fields": ["Balance"]}}]',9,1,2);
INSERT INTO django_admin_log VALUES(138,'2020-11-22 20:47:24.957358','6','Balance - admin | Euro','[]',9,1,2);
INSERT INTO django_admin_log VALUES(139,'2020-11-22 20:47:28.256786','5','Balance - regular_user | USD','[{"changed": {"fields": ["Balance"]}}]',9,1,2);
INSERT INTO django_admin_log VALUES(140,'2020-11-22 20:47:31.111379','4','Balance - admin | USD','[{"changed": {"fields": ["Balance"]}}]',9,1,2);
INSERT INTO django_admin_log VALUES(141,'2020-11-22 20:47:33.450960','3','Balance - regular_user | Bitcoin','[{"changed": {"fields": ["Balance"]}}]',9,1,2);
INSERT INTO django_admin_log VALUES(142,'2020-11-22 20:47:36.478122','1','Balance - admin | Bitcoin','[{"changed": {"fields": ["Balance"]}}]',9,1,2);
INSERT INTO django_admin_log VALUES(143,'2020-11-22 21:20:03.726753','1','Balance - admin | Bitcoin','[{"changed": {"fields": ["Balance"]}}]',9,1,2);
INSERT INTO django_admin_log VALUES(144,'2020-11-22 21:20:06.560260','3','Balance - regular_user | Bitcoin','[{"changed": {"fields": ["Balance"]}}]',9,1,2);
INSERT INTO django_admin_log VALUES(145,'2020-11-22 21:20:11.018325','3','Balance - regular_user | Bitcoin','[{"changed": {"fields": ["Balance"]}}]',9,1,2);
INSERT INTO django_admin_log VALUES(146,'2020-11-22 21:20:15.937214','4','Balance - admin | USD','[{"changed": {"fields": ["Balance"]}}]',9,1,2);
INSERT INTO django_admin_log VALUES(147,'2020-11-22 21:20:19.687323','5','Balance - regular_user | USD','[{"changed": {"fields": ["Balance"]}}]',9,1,2);
INSERT INTO django_admin_log VALUES(148,'2020-11-22 21:20:32.034893','59',replace('buy | USD/BTC\n                Order | 2020/11/22 20:55:30 | regular_user','\n',char(10)),'',8,1,3);
INSERT INTO django_admin_log VALUES(149,'2020-11-22 21:20:32.048927','58',replace('sell | USD/BTC\n                Order | 2020/11/22 20:55:09 | admin','\n',char(10)),'',8,1,3);
INSERT INTO django_admin_log VALUES(150,'2020-11-22 21:23:40.573397','5','Balance - regular_user | USD','[{"changed": {"fields": ["Balance"]}}]',9,1,2);
INSERT INTO django_admin_log VALUES(151,'2020-11-22 21:23:43.676344','4','Balance - admin | USD','[{"changed": {"fields": ["Balance"]}}]',9,1,2);
INSERT INTO django_admin_log VALUES(152,'2020-11-22 21:23:45.919392','3','Balance - regular_user | Bitcoin','[{"changed": {"fields": ["Balance"]}}]',9,1,2);
INSERT INTO django_admin_log VALUES(153,'2020-11-22 21:23:47.947366','1','Balance - admin | Bitcoin','[{"changed": {"fields": ["Balance"]}}]',9,1,2);
INSERT INTO django_admin_log VALUES(154,'2020-11-22 21:23:57.311739','61',replace('sell | USD/BTC\n                Order | 2020/11/22 21:21:07 | regular_user','\n',char(10)),'',8,1,3);
INSERT INTO django_admin_log VALUES(155,'2020-11-22 21:23:57.326389','60',replace('buy | USD/BTC\n                Order | 2020/11/22 21:20:54 | admin','\n',char(10)),'',8,1,3);
INSERT INTO django_admin_log VALUES(156,'2020-11-23 14:17:47.999681','71',replace('buy | USD/BTC\n                Order | 2020/11/23 14:09:27 | regular_user','\n',char(10)),'',8,1,3);
INSERT INTO django_admin_log VALUES(157,'2020-11-23 14:17:48.014543','70',replace('sell | USD/BTC\n                Order | 2020/11/23 14:06:57 | admin','\n',char(10)),'',8,1,3);
INSERT INTO django_admin_log VALUES(158,'2020-11-23 14:17:48.030259','69',replace('sell | USD/BTC\n                Order | 2020/11/23 14:06:34 | admin','\n',char(10)),'',8,1,3);
INSERT INTO django_admin_log VALUES(159,'2020-11-23 14:17:48.043113','68',replace('buy | USD/BTC\n                Order | 2020/11/23 14:06:07 | regular_user','\n',char(10)),'',8,1,3);
INSERT INTO django_admin_log VALUES(160,'2020-11-23 14:17:48.056035','67',replace('sell | USD/BTC\n                Order | 2020/11/23 14:03:20 | regular_user','\n',char(10)),'',8,1,3);
INSERT INTO django_admin_log VALUES(161,'2020-11-23 14:17:48.068640','66',replace('buy | USD/BTC\n                Order | 2020/11/23 14:03:09 | admin','\n',char(10)),'',8,1,3);
INSERT INTO django_admin_log VALUES(162,'2020-11-23 14:17:48.083564','65',replace('sell | USD/BTC\n                Order | 2020/11/22 23:25:37 | admin','\n',char(10)),'',8,1,3);
INSERT INTO django_admin_log VALUES(163,'2020-11-23 14:17:48.099371','64',replace('buy | USD/BTC\n                Order | 2020/11/22 23:25:08 | regular_user','\n',char(10)),'',8,1,3);
INSERT INTO django_admin_log VALUES(164,'2020-11-23 14:17:48.114579','63',replace('sell | USD/BTC\n                Order | 2020/11/22 21:24:20 | regular_user','\n',char(10)),'',8,1,3);
INSERT INTO django_admin_log VALUES(165,'2020-11-23 14:17:48.130590','62',replace('buy | USD/BTC\n                Order | 2020/11/22 21:24:08 | admin','\n',char(10)),'',8,1,3);
INSERT INTO django_admin_log VALUES(166,'2020-11-23 14:17:54.536021','1','BTC/USD','[{"changed": {"fields": ["Origin", "Destination"]}}]',11,1,2);
INSERT INTO django_admin_log VALUES(167,'2020-11-23 17:55:04.725474','32',replace('[BTC/USD] regular_user\n                   -> admin\n                   | 2020/11/23 15:49:33','\n',char(10)),'[{"changed": {"fields": ["Price", "Amount"]}}]',10,1,2);
INSERT INTO django_admin_log VALUES(168,'2020-11-23 17:55:11.465900','82',replace('buy | BTC/USD\n                Order | 2020/11/23 16:16:13 | regular_user','\n',char(10)),'',8,1,3);
INSERT INTO django_admin_log VALUES(169,'2020-11-23 17:55:11.481056','81',replace('sell | BTC/USD\n                Order | 2020/11/23 15:49:33 | regular_user','\n',char(10)),'',8,1,3);
INSERT INTO django_admin_log VALUES(170,'2020-11-23 17:55:11.497070','80',replace('sell | BTC/USD\n                Order | 2020/11/23 15:49:24 | regular_user','\n',char(10)),'',8,1,3);
INSERT INTO django_admin_log VALUES(171,'2020-11-23 17:55:11.513485','79',replace('sell | BTC/USD\n                Order | 2020/11/23 15:48:56 | admin','\n',char(10)),'',8,1,3);
INSERT INTO django_admin_log VALUES(172,'2020-11-23 17:55:11.529536','78',replace('buy | BTC/USD\n                Order | 2020/11/23 15:48:49 | admin','\n',char(10)),'',8,1,3);
INSERT INTO django_admin_log VALUES(173,'2020-11-23 17:55:11.546010','77',replace('sell | BTC/USD\n                Order | 2020/11/23 15:48:01 | admin','\n',char(10)),'',8,1,3);
INSERT INTO django_admin_log VALUES(174,'2020-11-23 17:55:11.562379','76',replace('buy | BTC/USD\n                Order | 2020/11/23 15:43:17 | admin','\n',char(10)),'',8,1,3);
INSERT INTO django_admin_log VALUES(175,'2020-11-23 17:55:11.574833','75',replace('buy | BTC/USD\n                Order | 2020/11/23 15:32:26 | regular_user','\n',char(10)),'',8,1,3);
INSERT INTO django_admin_log VALUES(176,'2020-11-23 17:55:11.590216','74',replace('buy | BTC/USD\n                Order | 2020/11/23 15:17:23 | regular_user','\n',char(10)),'',8,1,3);
INSERT INTO django_admin_log VALUES(177,'2020-11-23 17:55:11.606451','73',replace('sell | BTC/USD\n                Order | 2020/11/23 14:20:45 | admin','\n',char(10)),'',8,1,3);
INSERT INTO django_admin_log VALUES(178,'2020-11-23 17:55:11.622746','72',replace('buy | BTC/USD\n                Order | 2020/11/23 14:19:28 | regular_user','\n',char(10)),'',8,1,3);
INSERT INTO django_admin_log VALUES(179,'2020-11-23 17:56:36.729392','5','Balance - regular_user | USD','[{"changed": {"fields": ["Balance"]}}]',9,1,2);
INSERT INTO django_admin_log VALUES(180,'2020-11-23 17:56:38.702463','4','Balance - admin | USD','[{"changed": {"fields": ["Balance"]}}]',9,1,2);
INSERT INTO django_admin_log VALUES(181,'2020-11-23 17:56:41.140641','3','Balance - regular_user | Bitcoin','[{"changed": {"fields": ["Balance"]}}]',9,1,2);
INSERT INTO django_admin_log VALUES(182,'2020-11-23 17:56:43.200437','1','Balance - admin | Bitcoin','[{"changed": {"fields": ["Balance"]}}]',9,1,2);
INSERT INTO django_admin_log VALUES(183,'2020-11-23 17:57:58.683215','5','Balance - regular_user | USD','[{"changed": {"fields": ["Balance"]}}]',9,1,2);
INSERT INTO django_admin_log VALUES(184,'2020-11-23 17:58:02.106886','4','Balance - admin | USD','[{"changed": {"fields": ["Balance"]}}]',9,1,2);
INSERT INTO django_admin_log VALUES(185,'2020-11-23 17:58:03.827964','3','Balance - regular_user | Bitcoin','[{"changed": {"fields": ["Balance"]}}]',9,1,2);
INSERT INTO django_admin_log VALUES(186,'2020-11-23 17:58:05.523028','1','Balance - admin | Bitcoin','[{"changed": {"fields": ["Balance"]}}]',9,1,2);
INSERT INTO django_admin_log VALUES(187,'2020-11-23 17:58:17.731874','84',replace('sell | BTC/USD\n                Order | 2020/11/23 17:57:09 | regular_user','\n',char(10)),'',8,1,3);
INSERT INTO django_admin_log VALUES(188,'2020-11-23 17:58:17.747488','83',replace('buy | BTC/USD\n                Order | 2020/11/23 17:56:57 | admin','\n',char(10)),'',8,1,3);
INSERT INTO django_admin_log VALUES(189,'2020-11-23 18:08:41.699228','90',replace('sell | BTC/USD\n                Order | 2020/11/23 18:08:27 | regular_user','\n',char(10)),'',8,1,3);
INSERT INTO django_admin_log VALUES(190,'2020-11-24 01:37:23.666884','112',replace('buy | BTC/USD\n                Order | 2020/11/23 19:09:17 | regular_user','\n',char(10)),'',8,1,3);
INSERT INTO django_admin_log VALUES(191,'2020-11-24 01:37:23.678691','111',replace('sell | BTC/USD\n                Order | 2020/11/23 19:08:48 | regular_user','\n',char(10)),'',8,1,3);
INSERT INTO django_admin_log VALUES(192,'2020-11-24 01:37:23.689781','110',replace('sell | BTC/USD\n                Order | 2020/11/23 19:07:20 | regular_user','\n',char(10)),'',8,1,3);
INSERT INTO django_admin_log VALUES(193,'2020-11-24 01:37:23.700914','109',replace('sell | BTC/USD\n                Order | 2020/11/23 19:07:10 | regular_user','\n',char(10)),'',8,1,3);
INSERT INTO django_admin_log VALUES(194,'2020-11-24 01:37:23.712453','108',replace('buy | BTC/USD\n                Order | 2020/11/23 19:06:31 | regular_user','\n',char(10)),'',8,1,3);
INSERT INTO django_admin_log VALUES(195,'2020-11-24 01:37:23.725244','107',replace('sell | BTC/USD\n                Order | 2020/11/23 19:06:10 | regular_user','\n',char(10)),'',8,1,3);
INSERT INTO django_admin_log VALUES(196,'2020-11-24 01:37:23.738305','106',replace('buy | BTC/USD\n                Order | 2020/11/23 19:05:41 | admin','\n',char(10)),'',8,1,3);
INSERT INTO django_admin_log VALUES(197,'2020-11-24 01:37:23.751373','105',replace('sell | BTC/USD\n                Order | 2020/11/23 19:05:02 | regular_user','\n',char(10)),'',8,1,3);
INSERT INTO django_admin_log VALUES(198,'2020-11-24 01:37:23.764298','104',replace('buy | BTC/USD\n                Order | 2020/11/23 19:04:37 | admin','\n',char(10)),'',8,1,3);
INSERT INTO django_admin_log VALUES(199,'2020-11-24 01:37:23.777702','103',replace('sell | BTC/USD\n                Order | 2020/11/23 19:04:03 | regular_user','\n',char(10)),'',8,1,3);
INSERT INTO django_admin_log VALUES(200,'2020-11-24 01:37:23.790771','102',replace('buy | BTC/USD\n                Order | 2020/11/23 19:03:10 | admin','\n',char(10)),'',8,1,3);
INSERT INTO django_admin_log VALUES(201,'2020-11-24 01:37:23.803766','101',replace('buy | BTC/USD\n                Order | 2020/11/23 18:44:54 | admin','\n',char(10)),'',8,1,3);
INSERT INTO django_admin_log VALUES(202,'2020-11-24 01:37:23.817202','100',replace('buy | BTC/USD\n                Order | 2020/11/23 18:44:40 | admin','\n',char(10)),'',8,1,3);
INSERT INTO django_admin_log VALUES(203,'2020-11-24 01:37:23.831498','99',replace('buy | BTC/USD\n                Order | 2020/11/23 18:41:12 | admin','\n',char(10)),'',8,1,3);
INSERT INTO django_admin_log VALUES(204,'2020-11-24 01:37:23.845680','98',replace('sell | BTC/USD\n                Order | 2020/11/23 18:40:51 | regular_user','\n',char(10)),'',8,1,3);
INSERT INTO django_admin_log VALUES(205,'2020-11-24 01:37:23.858750','97',replace('sell | BTC/USD\n                Order | 2020/11/23 18:39:59 | regular_user','\n',char(10)),'',8,1,3);
INSERT INTO django_admin_log VALUES(206,'2020-11-24 01:37:23.871650','96',replace('buy | BTC/USD\n                Order | 2020/11/23 18:39:43 | admin','\n',char(10)),'',8,1,3);
INSERT INTO django_admin_log VALUES(207,'2020-11-24 01:37:23.884594','95',replace('sell | BTC/USD\n                Order | 2020/11/23 18:11:19 | admin','\n',char(10)),'',8,1,3);
INSERT INTO django_admin_log VALUES(208,'2020-11-24 01:37:23.897338','94',replace('buy | BTC/USD\n                Order | 2020/11/23 18:10:50 | regular_user','\n',char(10)),'',8,1,3);
INSERT INTO django_admin_log VALUES(209,'2020-11-24 01:37:23.910153','93',replace('sell | BTC/USD\n                Order | 2020/11/23 18:09:30 | regular_user','\n',char(10)),'',8,1,3);
INSERT INTO django_admin_log VALUES(210,'2020-11-24 01:37:23.922866','92',replace('buy | BTC/USD\n                Order | 2020/11/23 18:09:10 | admin','\n',char(10)),'',8,1,3);
INSERT INTO django_admin_log VALUES(211,'2020-11-24 01:37:23.935698','91',replace('sell | BTC/USD\n                Order | 2020/11/23 18:08:50 | admin','\n',char(10)),'',8,1,3);
INSERT INTO django_admin_log VALUES(212,'2020-11-24 01:37:23.949135','89',replace('buy | BTC/USD\n                Order | 2020/11/23 18:08:18 | regular_user','\n',char(10)),'',8,1,3);
INSERT INTO django_admin_log VALUES(213,'2020-11-24 01:37:23.962899','88',replace('buy | BTC/USD\n                Order | 2020/11/23 18:04:59 | regular_user','\n',char(10)),'',8,1,3);
INSERT INTO django_admin_log VALUES(214,'2020-11-24 01:37:23.976179','87',replace('sell | BTC/USD\n                Order | 2020/11/23 18:04:50 | admin','\n',char(10)),'',8,1,3);
INSERT INTO django_admin_log VALUES(215,'2020-11-24 01:37:23.989401','86',replace('sell | BTC/USD\n                Order | 2020/11/23 17:58:42 | regular_user','\n',char(10)),'',8,1,3);
INSERT INTO django_admin_log VALUES(216,'2020-11-24 01:37:24.000676','85',replace('buy | BTC/USD\n                Order | 2020/11/23 17:58:32 | admin','\n',char(10)),'',8,1,3);
INSERT INTO django_admin_log VALUES(217,'2020-11-24 01:37:37.723692','5','Balance - regular_user | USD','[{"changed": {"fields": ["Balance"]}}]',9,1,2);
INSERT INTO django_admin_log VALUES(218,'2020-11-24 01:37:39.643815','4','Balance - admin | USD','[{"changed": {"fields": ["Balance"]}}]',9,1,2);
INSERT INTO django_admin_log VALUES(219,'2020-11-24 01:37:41.668551','3','Balance - regular_user | Bitcoin','[{"changed": {"fields": ["Balance"]}}]',9,1,2);
INSERT INTO django_admin_log VALUES(220,'2020-11-24 01:37:43.836280','1','Balance - admin | Bitcoin','[{"changed": {"fields": ["Balance"]}}]',9,1,2);
INSERT INTO django_admin_log VALUES(221,'2020-11-24 01:38:02.128910','20',replace('[BTC/USD] regular_user\n                   -> admin\n                   | 2020/11/24 01:36:11','\n',char(10)),'',10,1,3);
INSERT INTO django_admin_log VALUES(222,'2020-11-24 01:38:02.140146','19',replace('[BTC/USD] admin\n                   -> regular_user\n                   | 2020/11/23 19:12:11','\n',char(10)),'',10,1,3);
INSERT INTO django_admin_log VALUES(223,'2020-11-24 01:38:02.152289','18',replace('[BTC/USD] admin\n                   -> regular_user\n                   | 2020/11/23 19:12:05','\n',char(10)),'',10,1,3);
INSERT INTO django_admin_log VALUES(224,'2020-11-24 01:38:02.166876','17',replace('[BTC/USD] admin\n                   -> regular_user\n                   | 2020/11/23 19:12:03','\n',char(10)),'',10,1,3);
INSERT INTO django_admin_log VALUES(225,'2020-11-24 01:38:07.407943','132',replace('sell | BTC/USD\n                Order | 2020/11/24 01:36:10 | regular_user','\n',char(10)),'',8,1,3);
INSERT INTO django_admin_log VALUES(226,'2020-11-24 01:38:07.419051','131',replace('buy | BTC/USD\n                Order | 2020/11/24 01:35:49 | admin','\n',char(10)),'',8,1,3);
INSERT INTO django_admin_log VALUES(227,'2020-11-24 01:38:07.430085','130',replace('buy | BTC/USD\n                Order | 2020/11/24 01:35:48 | admin','\n',char(10)),'',8,1,3);
INSERT INTO django_admin_log VALUES(228,'2020-11-24 01:38:07.441694','129',replace('buy | BTC/USD\n                Order | 2020/11/24 01:35:48 | admin','\n',char(10)),'',8,1,3);
INSERT INTO django_admin_log VALUES(229,'2020-11-24 01:38:07.455502','128',replace('buy | BTC/USD\n                Order | 2020/11/24 01:35:47 | admin','\n',char(10)),'',8,1,3);
INSERT INTO django_admin_log VALUES(230,'2020-11-24 01:38:07.468506','127',replace('buy | BTC/USD\n                Order | 2020/11/24 01:35:47 | admin','\n',char(10)),'',8,1,3);
INSERT INTO django_admin_log VALUES(231,'2020-11-24 01:38:07.481712','126',replace('buy | BTC/USD\n                Order | 2020/11/24 01:35:43 | admin','\n',char(10)),'',8,1,3);
INSERT INTO django_admin_log VALUES(232,'2020-11-24 01:38:07.494948','125',replace('buy | BTC/USD\n                Order | 2020/11/24 01:34:54 | admin','\n',char(10)),'',8,1,3);
INSERT INTO django_admin_log VALUES(233,'2020-11-24 01:38:07.508175','124',replace('buy | BTC/USD\n                Order | 2020/11/24 01:34:48 | admin','\n',char(10)),'',8,1,3);
INSERT INTO django_admin_log VALUES(234,'2020-11-24 01:38:07.520009','123',replace('buy | BTC/USD\n                Order | 2020/11/24 01:33:42 | admin','\n',char(10)),'',8,1,3);
INSERT INTO django_admin_log VALUES(235,'2020-11-24 01:38:07.533188','122',replace('buy | BTC/USD\n                Order | 2020/11/24 01:29:57 | admin','\n',char(10)),'',8,1,3);
INSERT INTO django_admin_log VALUES(236,'2020-11-24 01:38:07.550415','121',replace('sell | BTC/USD\n                Order | 2020/11/23 19:12:11 | admin','\n',char(10)),'',8,1,3);
INSERT INTO django_admin_log VALUES(237,'2020-11-24 01:38:07.563509','120',replace('sell | BTC/USD\n                Order | 2020/11/23 19:12:05 | admin','\n',char(10)),'',8,1,3);
INSERT INTO django_admin_log VALUES(238,'2020-11-24 01:38:07.575152','119',replace('sell | BTC/USD\n                Order | 2020/11/23 19:12:03 | admin','\n',char(10)),'',8,1,3);
INSERT INTO django_admin_log VALUES(239,'2020-11-24 01:38:07.586931','118',replace('sell | BTC/USD\n                Order | 2020/11/23 19:11:44 | admin','\n',char(10)),'',8,1,3);
INSERT INTO django_admin_log VALUES(240,'2020-11-24 01:38:07.598363','117',replace('buy | BTC/USD\n                Order | 2020/11/23 19:11:35 | admin','\n',char(10)),'',8,1,3);
INSERT INTO django_admin_log VALUES(241,'2020-11-24 01:38:07.610626','116',replace('sell | BTC/USD\n                Order | 2020/11/23 19:11:26 | admin','\n',char(10)),'',8,1,3);
INSERT INTO django_admin_log VALUES(242,'2020-11-24 01:38:07.622984','115',replace('buy | BTC/USD\n                Order | 2020/11/23 19:11:02 | regular_user','\n',char(10)),'',8,1,3);
INSERT INTO django_admin_log VALUES(243,'2020-11-24 01:38:07.636064','114',replace('buy | BTC/USD\n                Order | 2020/11/23 19:11:00 | regular_user','\n',char(10)),'',8,1,3);
INSERT INTO django_admin_log VALUES(244,'2020-11-24 01:38:07.649120','113',replace('buy | BTC/USD\n                Order | 2020/11/23 19:10:49 | regular_user','\n',char(10)),'',8,1,3);
CREATE TABLE IF NOT EXISTS "django_session" ("session_key" varchar(40) NOT NULL PRIMARY KEY, "session_data" text NOT NULL, "expire_date" datetime NOT NULL);
INSERT INTO django_session VALUES('3mwz9mackeu3z37wx1ivnl60ueam89jv','.eJxVjDsOwjAQBe_iGlnxZ_Gakj5nsHb9wQHkSHFSIe4OkVJA-2bmvUSgba1h63kJUxIXocTpd2OKj9x2kO7UbrOMc1uXieWuyIN2Oc4pP6-H-3dQqddvja7oPDirCpcU7dmmjKgNREgaMnJkNAY9sCMPPlqLDgjZ6UKOlRnE-wPn8De-:1kgcHa:3BMhA96fM0ypDPu6b2Ydj4N3TShJtLEiddFwla06GxM','2020-12-05 23:27:06.783928');
CREATE TABLE IF NOT EXISTS "core_userbalance" ("id" integer NOT NULL PRIMARY KEY AUTOINCREMENT, "balance" decimal NOT NULL, "currency_id" integer NOT NULL REFERENCES "core_currency" ("id") DEFERRABLE INITIALLY DEFERRED, "user_id" integer NOT NULL REFERENCES "core_user" ("id") DEFERRABLE INITIALLY DEFERRED);
INSERT INTO core_userbalance VALUES(1,10,1,1);
INSERT INTO core_userbalance VALUES(3,10,1,2);
INSERT INTO core_userbalance VALUES(4,100,2,1);
INSERT INTO core_userbalance VALUES(5,100,2,2);
INSERT INTO core_userbalance VALUES(6,1000,3,1);
INSERT INTO core_userbalance VALUES(7,1000,3,2);
CREATE TABLE IF NOT EXISTS "core_currencypair" ("id" integer NOT NULL PRIMARY KEY AUTOINCREMENT, "destination_id" integer NOT NULL REFERENCES "core_currency" ("id") DEFERRABLE INITIALLY DEFERRED, "origin_id" integer NOT NULL REFERENCES "core_currency" ("id") DEFERRABLE INITIALLY DEFERRED);
INSERT INTO core_currencypair VALUES(1,2,1);
INSERT INTO core_currencypair VALUES(2,2,3);
INSERT INTO core_currencypair VALUES(3,1,3);
CREATE TABLE IF NOT EXISTS "core_order" ("id" integer NOT NULL PRIMARY KEY AUTOINCREMENT, "order_type" varchar(16) NOT NULL, "price" decimal NOT NULL, "user_id" integer NOT NULL REFERENCES "core_user" ("id") DEFERRABLE INITIALLY DEFERRED, "create_date" datetime NOT NULL, "modified_date" datetime NOT NULL, "is_active" bool NOT NULL, "currency_pair_id" integer NOT NULL REFERENCES "core_currencypair" ("id") DEFERRABLE INITIALLY DEFERRED, "amount" decimal NOT NULL, "original_amount" decimal NOT NULL);
CREATE TABLE IF NOT EXISTS "authtoken_token" ("key" varchar(40) NOT NULL PRIMARY KEY, "created" datetime NOT NULL, "user_id" integer NOT NULL UNIQUE REFERENCES "core_user" ("id") DEFERRABLE INITIALLY DEFERRED);
CREATE TABLE IF NOT EXISTS "core_currency" ("id" integer NOT NULL PRIMARY KEY AUTOINCREMENT, "verbose_name" varchar(64) NOT NULL, "acronym" varchar(8) NOT NULL UNIQUE, "currency_type" varchar(16) NOT NULL, "name" varchar(64) NOT NULL UNIQUE);
INSERT INTO core_currency VALUES(1,'Bitcoin','BTC','crypto','bitcoin');
INSERT INTO core_currency VALUES(2,'USD','USD','fiat','usd');
INSERT INTO core_currency VALUES(3,'Euro','EUR','fiat','euro');
CREATE TABLE IF NOT EXISTS "core_trade" ("id" integer NOT NULL PRIMARY KEY AUTOINCREMENT, "buyer_order_id" integer NOT NULL REFERENCES "core_order" ("id") DEFERRABLE INITIALLY DEFERRED, "seller_order_id" integer NOT NULL REFERENCES "core_order" ("id") DEFERRABLE INITIALLY DEFERRED, "create_date" datetime NOT NULL, "modified_date" datetime NOT NULL, "is_active" bool NOT NULL, "amount" decimal NOT NULL, "price" decimal NOT NULL);
DELETE FROM sqlite_sequence;
INSERT INTO sqlite_sequence VALUES('django_migrations',37);
INSERT INTO sqlite_sequence VALUES('django_content_type',13);
INSERT INTO sqlite_sequence VALUES('auth_permission',52);
INSERT INTO sqlite_sequence VALUES('auth_group',0);
INSERT INTO sqlite_sequence VALUES('django_admin_log',244);
INSERT INTO sqlite_sequence VALUES('core_user',2);
INSERT INTO sqlite_sequence VALUES('core_userbalance',7);
INSERT INTO sqlite_sequence VALUES('core_currencypair',3);
INSERT INTO sqlite_sequence VALUES('core_order',132);
INSERT INTO sqlite_sequence VALUES('core_currency',3);
INSERT INTO sqlite_sequence VALUES('core_trade',20);
CREATE UNIQUE INDEX "django_content_type_app_label_model_76bd3d3b_uniq" ON "django_content_type" ("app_label", "model");
CREATE UNIQUE INDEX "auth_group_permissions_group_id_permission_id_0cd325b0_uniq" ON "auth_group_permissions" ("group_id", "permission_id");
CREATE INDEX "auth_group_permissions_group_id_b120cbf9" ON "auth_group_permissions" ("group_id");
CREATE INDEX "auth_group_permissions_permission_id_84c5c92e" ON "auth_group_permissions" ("permission_id");
CREATE UNIQUE INDEX "auth_permission_content_type_id_codename_01ab375a_uniq" ON "auth_permission" ("content_type_id", "codename");
CREATE INDEX "auth_permission_content_type_id_2f476e4b" ON "auth_permission" ("content_type_id");
CREATE UNIQUE INDEX "core_user_groups_user_id_group_id_c82fcad1_uniq" ON "core_user_groups" ("user_id", "group_id");
CREATE INDEX "core_user_groups_user_id_70b4d9b8" ON "core_user_groups" ("user_id");
CREATE INDEX "core_user_groups_group_id_fe8c697f" ON "core_user_groups" ("group_id");
CREATE UNIQUE INDEX "core_user_user_permissions_user_id_permission_id_73ea0daa_uniq" ON "core_user_user_permissions" ("user_id", "permission_id");
CREATE INDEX "core_user_user_permissions_user_id_085123d3" ON "core_user_user_permissions" ("user_id");
CREATE INDEX "core_user_user_permissions_permission_id_35ccf601" ON "core_user_user_permissions" ("permission_id");
CREATE INDEX "django_admin_log_content_type_id_c4bce8eb" ON "django_admin_log" ("content_type_id");
CREATE INDEX "django_admin_log_user_id_c564eba6" ON "django_admin_log" ("user_id");
CREATE INDEX "django_session_expire_date_a5c62663" ON "django_session" ("expire_date");
CREATE UNIQUE INDEX "core_userbalance_user_id_currency_id_dce4ad5e_uniq" ON "core_userbalance" ("user_id", "currency_id");
CREATE INDEX "core_userbalance_currency_id_683cfcfa" ON "core_userbalance" ("currency_id");
CREATE INDEX "core_userbalance_user_id_09ac6108" ON "core_userbalance" ("user_id");
CREATE INDEX "core_currencypair_destination_id_a540f12c" ON "core_currencypair" ("destination_id");
CREATE INDEX "core_currencypair_origin_id_c8978858" ON "core_currencypair" ("origin_id");
CREATE INDEX "core_order_user_id_b03bbffd" ON "core_order" ("user_id");
CREATE INDEX "core_order_currency_pair_id_18c63bce" ON "core_order" ("currency_pair_id");
CREATE UNIQUE INDEX "core_currencypair_origin_id_destination_id_4832077d_uniq" ON "core_currencypair" ("origin_id", "destination_id");
CREATE INDEX "core_trade_buyer_order_id_51182759" ON "core_trade" ("buyer_order_id");
CREATE INDEX "core_trade_seller_order_id_b817b80a" ON "core_trade" ("seller_order_id");
COMMIT;
